username,name,youtube_url,avatar_url
@mumu_yumemi,夢見むむ,http://www.youtube.com/channel/UCzhJ4os46kPnx3FCBdQ2oog,https://drive.google.com/thumbnail?id=1ALvo5hQ_zYXyLwb9mmt_vqcn6GJvqeYj
@Vanilla_Hakka,白花ヴァニラ,http://www.youtube.com/channel/UCzTmaW-N-FfaTagD00FjRmQ,https://drive.google.com/thumbnail?id=1PqMWOQlIsDI9Mv66PJweYuCiVzM2VJvG
@hinamiphoenica,日向海フェニカ,http://www.youtube.com/channel/UCygtb6wTyiSxXYHPAHs3UKA,https://drive.google.com/thumbnail?id=17YpFGPI6gFTT7ju0HkK6vpXQ7Q7C2IeN
@mishiomolf,海汐もるふ,http://www.youtube.com/channel/UCyVypf7vg9KqoDiXkDIvetg,https://drive.google.com/thumbnail?id=1kkX5Ts4Idk8elqClTYETgdKcpUWO1vr2
@tiyoura_tiyomi,千代浦蝶美,http://www.youtube.com/channel/UCyY6YeINiwQoA-FnmdQCkug,https://drive.google.com/thumbnail?id=1ped-xfBae2WDf_k03TarHT9XIo6u3Cw3
@UtaneSuzukami,鈴神うたね,http://www.youtube.com/channel/UCyJGAJVreS_FKL_uRydg9cw,https://drive.google.com/thumbnail?id=1QfKV4BWPnATPomnucDjwQ8bXnfOaomgq
@tsukiyuki_ibuki,月赴ゐぶき,http://www.youtube.com/channel/UCxy3KNlLQiN64tikKipnQNg,https://drive.google.com/thumbnail?id=14J3-9O_kEJBJvWnrnFCRPeu_7FxSVXm9
@komaiume,狛犬うめ,http://www.youtube.com/channel/UCxOTQ01cBN86_QX3jbNnW7g,https://drive.google.com/thumbnail?id=1XvBqZCVbVqJiNIU_ZWpkVkUTyonbs1AF
@Unifee_takeda,武田玄愛,http://www.youtube.com/channel/UCxxRfu50M_FiMq0WJfBW1oQ,https://drive.google.com/thumbnail?id=1V5mwpZv58RpL8WJ2doNoczhgpC43_nAL
@nyamashirosoda,若魔白ソーダ,http://www.youtube.com/channel/UCwjGLaiIe39nsuXdxKE7MhA,https://drive.google.com/thumbnail?id=1CbP3SninLNSktiv9ydMV5PFLcm0DfEVY
@Mary_HNST,西園寺メアリ,http://www.youtube.com/channel/UCwePpiw1ocZRSNSkpKvVISw,https://drive.google.com/thumbnail?id=16qHaTOCkyoGRIF-G0YtwVpHBO3lJ7iCW
@ranze_t_BW,時庭らんぜ,http://www.youtube.com/channel/UCw9_unaq1z9CJXeFOZm-MfQ,https://drive.google.com/thumbnail?id=1odtRtEvlIWR-_9RYC6ZN7yGXPAlNKb8v
@tsukasa_ryogoku,領国つかさ,http://www.youtube.com/channel/UCwBmSNUOWnowsju5YG7dT6g,https://drive.google.com/thumbnail?id=1a467CEpl621Xv4DF97vm0bFUcP12QkHE
@LEWNE_1123,LEWNE,http://www.youtube.com/channel/UCw0ty0mpHBx6xZt-K_hfNcA,https://drive.google.com/thumbnail?id=1W9c4_DtrujYLADLRamKNUR1DvAKR3LzV
@ichino_morinyan,微睡いちの,http://www.youtube.com/channel/UCvCks1oVZfBuG1VXicOr5aw,https://drive.google.com/thumbnail?id=1LHUEVe7EDmurKUph2WSUHNR1pAcivG3Y
@AnnaKannagi,神凪アンナ,http://www.youtube.com/channel/UCvuAdWg_I8U9kwVGZ4XLvog,https://drive.google.com/thumbnail?id=1gePW5h-f4eZLsi2f_RedVIk-Y5pgfER-
@sonohara_makoto,園原まこと,http://www.youtube.com/channel/UCv-w3FCPlmqV-xKspLAvuHQ,https://drive.google.com/thumbnail?id=1PNDz_2-c18BTnaNK68SN0xIZPrue6IVj
@toonooto,透乃 おと,http://www.youtube.com/channel/UCulpRaJyJGOZc6ieSO5qt0A,https://drive.google.com/thumbnail?id=1hZME4BWJfWXlAYg-qUdNk2SR06eAomKX
@miku_ruuuu,咲蝶みくる,http://www.youtube.com/channel/UCv2bd2F-abCJaE7-wruZ6Bg,https://drive.google.com/thumbnail?id=1IiQ5zK3YNy11nxKPenbmDlvI1jkwuQ-c
@Amatsuna_Sasaha,天絆ささは,http://www.youtube.com/channel/UCuX1NOTF2wZVXo8WP1q7uLw,https://drive.google.com/thumbnail?id=1qLecUvF0lzkuJiP0iWQOXoFUm6GDylu7
@Horobi_madnight,ホロビ·マッドナイト·オイル,http://www.youtube.com/channel/UCujhOjvSoET9Sjj4TjHfz6A,https://drive.google.com/thumbnail?id=1N6mFyrSE6pfJ3D-6PVzVbhg7ffgHhDrP
@TomoriManaka,灯里愛夏,http://www.youtube.com/channel/UCuWoH9mx0EgT69UyVxaw1NQ,https://drive.google.com/thumbnail?id=1RYiwpbXuLZJbVlb_RaBK_ROw0ydWqpcB
@HinoriNatsukawa,夏河ひのり,http://www.youtube.com/channel/UCuGD1paDrwhDP-PJteOh-UA,https://drive.google.com/thumbnail?id=14JYTK45T_J21yaWdTFeNqBU7elmL0uD-
@Alya_Mizuki,聖月アリア,http://www.youtube.com/channel/UCuDxqcdSuC37nOY_IcRU6oQ,https://drive.google.com/thumbnail?id=1cKHAcayWT2ix2bdFwU9YXiTcsFRcwXD_
@amayoliz_,雨夜リズ,http://www.youtube.com/channel/UCtQwleVyBMjBGNuUQ7a-KYg,https://drive.google.com/thumbnail?id=1MZ3_8q5RWBvtOEI7q7PH91bCeA38UyVC
@MomiziYashima,屋島もみじ,http://www.youtube.com/channel/UCtPPR6IkGCH4fkZwZHjv0AQ,https://drive.google.com/thumbnail?id=1b0YtUOMlBtGS-l91Agxn3aEO7gxYKg8G
@Tier_Hebiyoi,蛇宵ティア,http://www.youtube.com/channel/UCrt4cTM_sWH0iySLMkwwYLQ,https://drive.google.com/thumbnail?id=12S_m9OkZL_qHqOjasMkjaE4Bbwh8KuAq
@Unifee_akechi,明智光月,http://www.youtube.com/channel/UCrDRepCC81GaakxeWwJhMFA,https://drive.google.com/thumbnail?id=1lFv1KSDlFcr0P82Hn-rvd0Sf5HYiR2tG
@MidorinoLalan,緑埜ララン,http://www.youtube.com/channel/UCrBcb6QKhMstbtantkaJuaA,https://drive.google.com/thumbnail?id=1xpIwL0D6KBAW0mjAoRpCTh0GJykPxiM1
@Nemu_Vtuber,桃園ねむ,http://www.youtube.com/channel/UCrA3TYM-Kqqtqi-TKzcYOqg,https://drive.google.com/thumbnail?id=1zZXZrLrJB5nj-BRPHf0k0BLqoP3mWGqI
@Yono_RKMusic,ヨノ,http://www.youtube.com/channel/UCqYXJ5M55HWE6zyvl6rjIaA,https://drive.google.com/thumbnail?id=1c_po5tNFgH-RVvq4GaxZ7vtaOmtZRM3j
@tor106tor,トォル,http://www.youtube.com/channel/UCqOPA9ZQ7uB4OXmCw1jTAPQ,https://drive.google.com/thumbnail?id=1Z3KN-S191iZWF5cktejghDVvwyo87TVS
@kototoi_react,kototo!,http://www.youtube.com/channel/UCpgM2Ycx8WC8eRNxGAL2i3Q,https://drive.google.com/thumbnail?id=1e1h_V0G8VxhRuIv4dN9wxQUkhAS9d6Ho
@shirase_s_BW,白河しらせ,http://www.youtube.com/channel/UCpa3ff1zCBfEqua3xD9pXsg,https://drive.google.com/thumbnail?id=1HXADLbEoek8KApliKBVDoI64YYN1idfP
@Mia_Mizugame,水瓶ミア,http://www.youtube.com/channel/UCpPuEfqwYbpn7e2jWdQeWew,https://drive.google.com/thumbnail?id=10i-RNgTaXR9r68oe4pGgXW5Tlx1oMdSy
@Unifee_momochi,百地波瑠,http://www.youtube.com/channel/UCp7RIfl5Vjc30bnBL4KohQw,https://drive.google.com/thumbnail?id=1C-b7WT30rPAJha4F3cmHcrycl33dXk_T
@Mixst_San,天吹サン,http://www.youtube.com/channel/UCoqYYjzSW9HZSaJHzSLmApA,https://drive.google.com/thumbnail?id=1k_HHP8qEfVbZ031s2YCb5Yrv0wOoJTFV
@suzutukisui,涼月すい,http://www.youtube.com/channel/UCoqSuOp1CpewXVdlA5SLvKg,https://drive.google.com/thumbnail?id=1M__5dIFbFl3QSUHiTnvp-swrkxwONMUU
@Lien_A_Tsubaki,リアン·アニマリア·椿,http://www.youtube.com/channel/UCoqAukwEUd6K2HQLxH1vkAQ,https://drive.google.com/thumbnail?id=10Yoxf0ql_N1VLO-KDwnuE188PS20KrtR
@InoriSuzuhana,鈴花いのり,http://www.youtube.com/channel/UCoY9O-RYuBYHNf41pgQHCnw,https://drive.google.com/thumbnail?id=1pKj5gkJ1DY-1i3-X3OyXS74t1yPminmk
@asahi_kambara,柑原あさひ,http://www.youtube.com/channel/UCoFmFLE3MEnooPP_IJq9PCw,https://drive.google.com/thumbnail?id=1duROa4aBke6fJIAtubDieek2rm_ENn4w
@nekonoyukin0,猫乃ユキノ,http://www.youtube.com/channel/UCoFEbNyIRUS26-hf2AucwFw,https://drive.google.com/thumbnail?id=1Ym82l-JWS_WTZONC1wG_4x3u2fMpUOHb
@miona_s_RIOT,皇 美緒奈,http://www.youtube.com/channel/UCoAL7HKxjpPGuA1G4bdfHTQ,https://drive.google.com/thumbnail?id=114XNdKBj6M53K_T_kgZf3g7PllePg0p8
@kitamiayumu,鬼多見アユム,http://www.youtube.com/channel/UCnrJK-sb3gSn3kRLkmpmzaw,https://drive.google.com/thumbnail?id=1rxOycaK2KQCJwHDHqz-Fjm__rJ01W7tG
@kumama_mayu,熊間まゆ,http://www.youtube.com/channel/UCnirXVnXPmfiiS9AzghLAtg,https://drive.google.com/thumbnail?id=1vTTVc_jBuyKK0a3_nQ2Y6YxuZpsL2ScW
@shuna_MGS,朱名,http://www.youtube.com/channel/UCnYrx-hDfnlBVuO8D8L2ByQ,https://drive.google.com/thumbnail?id=1jwJvvUsyTMv0rm9v0g0zXeeyN8GurGvg
@taoshan_v,タオシャン,http://www.youtube.com/channel/UCnUhgh7rNaLnvmya--q0pCw,https://drive.google.com/thumbnail?id=1zX5rRnG-XvpTI30ZQjcVAADn5-gGT5xL
@IMI0131,IMI,http://www.youtube.com/channel/UCnKt20HH_BiuID0FDHGMcvw,https://drive.google.com/thumbnail?id=1m7wV2Vo1W8pzjelNCIdDpQWHugL57bZO
@culua0211,CULUA,http://www.youtube.com/channel/UCn1Zf28m6WbhMDjMjdIjOIA,https://drive.google.com/thumbnail?id=1eU9GlIomZwlM3WIAbo3bCfOARTVfgY-r
@_kanade_kanon,花奏かのん,http://www.youtube.com/channel/UCmqrvfLMws-GLGHQcB5dasg,https://drive.google.com/thumbnail?id=1Mijrvo4g1FQp1JJpIIinlSZfZ4SHke6E
@ShinoYakushino,薬師乃しの,http://www.youtube.com/channel/UCm2gbO8BoBgSFtDM_aQKmIw,https://drive.google.com/thumbnail?id=1L8FrVm5pkmhhMvOwIteaLM4fGlPUyjPX
@Garuru_Gao,画尾がるる,http://www.youtube.com/channel/UClHGu3x-6cCFstXZda732pA,https://drive.google.com/thumbnail?id=1SLHV-edhZfVg5_kxeaaHkqbzCF3gast_
@komori_nitochan,コモリニト,http://www.youtube.com/channel/UCluH_giduvBxjyY4nN0Lxew,https://drive.google.com/thumbnail?id=1I988pk-4grcjrKCa0zAOv7PjIK4as2Js
@RougaHIna,狼牙ヒナ,http://www.youtube.com/channel/UClDk7PDLjoP29_JDvfwt-Ug,https://drive.google.com/thumbnail?id=18VOcPRchx8_gusEzwZTBMdShTCzERl5U
@Canna_Akane,茜音カンナ,http://www.youtube.com/channel/UCkpqb53xiOvOgNYEbNpFSyw,https://drive.google.com/thumbnail?id=1psFCL7UqFpt8sUqLaccGeOGrfXV_0IFZ
@seira_chinen,智念せいら,http://www.youtube.com/channel/UCkeECSuB4aRbUyQrgR2SJOQ,https://drive.google.com/thumbnail?id=1dVs8EbB6_L-ek4KZ1ZlqC6Mc1anC5rOq
@Unifee_nobu,織田詩信,http://www.youtube.com/channel/UCksKvMyNH6L-lfNSUch3hYA,https://drive.google.com/thumbnail?id=1H5g4OZ5TJvDzmxPUXxY0nbeUqEfpSY7i
@arunetina,歩音ティナ,http://www.youtube.com/channel/UCkd3H8yZEXxZSGSOmxeHxrg,https://drive.google.com/thumbnail?id=1cK8GYbZlJP3aF1Ao3LB8y-sSO1fcLgy6
@Mil_goodnight,宵夢みる,http://www.youtube.com/channel/UCk9wElwIDyrYRHcThfqhoMA,https://drive.google.com/thumbnail?id=1q2aRtABV9hVhDtXtjyOG-Z7om756k0SD
@Koyoi_Ria,恋宵りあ,http://www.youtube.com/channel/UCjO3OgZzW2vvVL7ojSiyEwg,https://drive.google.com/thumbnail?id=1QVoqLXD2AHakkWc_ffVAv8Wq1Y_Tcx-0
@kiraboshi_inori,輝星いのり,http://www.youtube.com/channel/UCjlCXYBLWL4D3aZTYBvp-bw,https://drive.google.com/thumbnail?id=1dH4iNlEJXfmaB7WTAeYmblNVmU9trgoK
@Mixst_Qalu,雪白キャル,http://www.youtube.com/channel/UCjN-1QSJtD6RdRGXTf9L1Sw,https://drive.google.com/thumbnail?id=1QcuTDLQGMfMvt42uk-lkKaNiqkZ-xwMK
@_YuraYuragi,ゆらぎゆら,http://www.youtube.com/channel/UCjKPgy9YPt16z8AFMi-TLeA,https://drive.google.com/thumbnail?id=1-1IVey459U3y1WbHQkQrrOhzdt4R29Sq
@nijipukanuhu,虹深°ぬふ,http://www.youtube.com/channel/UCj63OWl-HQ-I6ORzUWF1EDg,https://drive.google.com/thumbnail?id=1J98PbRur3FpwuJxpLxCO0mITq3ASd7qZ
@Ochite_Miro,堕天みろ,http://www.youtube.com/channel/UCin40B5inoY5PHk_Z2MDIvw,https://drive.google.com/thumbnail?id=1wvUd7R_vLnKj8he5Ce4eCzvqg8e2qa3Z
@Mixst_Ito,空奏イト,http://www.youtube.com/channel/UCi9O6GC9DvnrXqQfgXrNaYg,https://drive.google.com/thumbnail?id=1COf7BhZ3beL8IVQ2WgygNfYEPF6zBpSM
@kuga_tsubaki,九娥つばき,http://www.youtube.com/channel/UCiMrvZ_l8lw42T8amrGCFNQ,https://drive.google.com/thumbnail?id=1i7r1NA5l0ylzpzluDO8rGcvV2drmDfJh
@NemuOtogi,音伽ねむ,http://www.youtube.com/channel/UCi6nuuHhOj_usxkjlcHdRXw,https://drive.google.com/thumbnail?id=13_JAX8so9-NLMCFKRwStNFpuB25L1n-r
@_Aoi_Minato,蒼唯みなと,http://www.youtube.com/channel/UCh-Ki240GVl4SOaItYaVqow,https://drive.google.com/thumbnail?id=1ofw7ywW0N12zjXnYVuK5CLfnoOdBX5-I
@Anko_Kisaki,季咲あんこ,http://www.youtube.com/channel/UChXm-xAYPfygrbyLo2yCASQ,https://drive.google.com/thumbnail?id=1znCirEGu1rCpVattwaMXjDMOgokxKfbN
@sirasesuina,白瀬スイナ,http://www.youtube.com/channel/UCgx5BnhXFHxi4RflFV0l3Ig,https://drive.google.com/thumbnail?id=1Pv3kGdZijMyeoYyXDRahtnJqPxFHnpPX
@Cil_0320,Cil,http://www.youtube.com/channel/UCgfFx9EhDX9MFUyMpx0AddQ,https://drive.google.com/thumbnail?id=1TlSsjkeIH6K2wAdkyovB14_j8Q92jTNZ
@XIDEN_RKMusic,XIDEN,http://www.youtube.com/channel/UCgPGVORhti-KKcV4CqUyumQ,https://drive.google.com/thumbnail?id=1q0-B5C-7thT9ZdVyl1Dw7OoRULjx_N1d
@NatsumiyaRamune,夏宮らむね,http://www.youtube.com/channel/UCgIa3HmvZDcAeEH5hs3h6sg,https://drive.google.com/thumbnail?id=1SmNsfQG_AfUrVa5I_VmqOb-HkHudcJHe
@Yoruko_Koja,光蛇ヨルコ,http://www.youtube.com/channel/UCffiylTyxP9fFepyUcLVjRA,https://drive.google.com/thumbnail?id=1RLVqHcM7iol3UwoCqMV3ZCHQkSvS8eqP
@neruko_kamitaba,紙束ねるこ,http://www.youtube.com/channel/UCf-QRi_9sjik_BZBn7lFY_Q,https://drive.google.com/thumbnail?id=1YWiNyIRPgHh1GOe5Y9raLkqIumjdbq4E
@nemukumotsukuri,眠雲ツクリ,http://www.youtube.com/channel/UCekc8SI533NI675r9aCBRcQ,https://drive.google.com/thumbnail?id=1-SPHTVL-Pz5Po6Te9LB6db21yxmXbo5n
@usuwasuu,稀羽すう,http://www.youtube.com/channel/UCeqIMtLuGc3YgwkhEaG8oDg,https://drive.google.com/thumbnail?id=1FQ0jefRSto-2bWSg1ZIvmUiIM1DfiHBQ
@nano_kozuya,小鳥谷なの,http://www.youtube.com/channel/UCej9K_bcaQdvDh49RkHYsUw,https://drive.google.com/thumbnail?id=1pC-LQBZgJ4iR4ToMRltcVN921P7MWxCz
@nyamaharueru,若魔陽エル,http://www.youtube.com/channel/UCef7GUYC5FG-jJrQ65Vs78A,https://drive.google.com/thumbnail?id=1irUJcvOYmscIAE9VrTjk6tYlF0W0qSV7
@SerenadeOxblood,セレナーデ·オックスブラッド,http://www.youtube.com/channel/UCdQ9LnNR6DTj52nrpRggexg,https://drive.google.com/thumbnail?id=13gCphtf-iGRNO_EWpwTIt5dtp4UizGq8
@Mixst_Myao,成海ミャオ,http://www.youtube.com/channel/UCc_r_D9M7BGFpwXZnFaxEww,https://drive.google.com/thumbnail?id=1AcY7UVFkhIw-Jji9J2azyiqyxBTG7UXr
@RurufuHizuki,陽月るるふ,http://www.youtube.com/channel/UCcQsDietWkYakBKbGpCaeLA,https://drive.google.com/thumbnail?id=1bG8GVlQX4on_YlMY3m1S5U7eyYBJUXZc
@Shirane_Yuki,白音ゆき,http://www.youtube.com/channel/UCcD_EdnJcOjJMohDn435D3w,https://drive.google.com/thumbnail?id=1TvPYvHvRDzzKZWnWrh_J1GboFFaDRfxk
@anko_a_RIOT,朝倉杏子,http://www.youtube.com/channel/UCbbiAbKAOszYbezcIYD4R3Q,https://drive.google.com/thumbnail?id=1epOybKkyU03JICMDdbskpQ3RRIVgrRgM
@AmakamiKonomi,甘狼このみ,http://www.youtube.com/channel/UCbntVBSebvO5zT3cQYIxbWQ,https://drive.google.com/thumbnail?id=1w-fuUbaNLLluGlpoLiKnjujtSrVXB5Yf
@C_O_SK,CONA,http://www.youtube.com/channel/UCbJYvStAmq5Jm3nSDNSLT4A,https://drive.google.com/thumbnail?id=1SPIbnGFJ-BgrmxkK0k0NWyy0xrqjU7RU
@tokiwakaname,常磐カナメ,http://www.youtube.com/channel/UCbNEgJIF_ADD9e8-q7SoxCg,https://drive.google.com/thumbnail?id=1eDjytqffbOpFPOWwmmC3-JI-08bofUhZ
@kanaruhanon,香鳴ハノン,http://www.youtube.com/channel/UCay6Y3oEoiC6ZEE2G0UZu_A,https://drive.google.com/thumbnail?id=1wViSebNP_sLxpNXyDEgyNs3jqduP03cr
@natori_hinata,菜鳥ひなた,http://www.youtube.com/channel/UCahlYbdb3AHrNQdojztSMvQ,https://drive.google.com/thumbnail?id=1lbcB676kYwq1kXFdPI8Lg7p0_qunHYEc
@komawarikoma,小廻こま,http://www.youtube.com/channel/UC_upTZ0otpptV5KARBsnIPg,https://drive.google.com/thumbnail?id=15mWw67Huxba9QVYZaI4IUCdQsG_njO81
@Popo_Ieiri,家入ポポ,http://www.youtube.com/channel/UC_hjHmi-ODGhHlSzD16p5Pw,https://drive.google.com/thumbnail?id=1SVkqmanAwfD1CWgQMre-WJ2wMgbKG8CS
@CYBI_ll,CYBILL,http://www.youtube.com/channel/UC_eiXiNIBK-GzmM1jiY7OHA,https://drive.google.com/thumbnail?id=1jfADz1Mq-nYoYrv57P-UYii1wftTFwtv
@koma_oboro,尾幌こま,http://www.youtube.com/channel/UC_bxkbJzxRKssMf52wVbssw,https://drive.google.com/thumbnail?id=1E-YU7FE0HayUpo0zLLvTvVRzAmhdR566
@Watamiya_Ahiru,綿宮あひる,http://www.youtube.com/channel/UC_1Gq60351AILDqzA7R9wFw,https://drive.google.com/thumbnail?id=1kvzEKGdAa3LNO_UF4K_bD4QKu2F2zl7_
@Rui_Seshima,瀬島るい,http://www.youtube.com/channel/UC_WOBIopwUih0rytRnr_1Ag,https://drive.google.com/thumbnail?id=1rTvQMJOVbs4ynbvz3zKmYtOm4WVAeU_y
@nanagisamahalo,夏渚まはろ,http://www.youtube.com/channel/UC_a00ml_EVDXSrtY8ZuyqGQ,https://drive.google.com/thumbnail?id=1kJarce6XRF31H6ENVKzKlOt7FpnLKLe4
@fusafusa_nano,房総なの,http://www.youtube.com/channel/UCZoPxlGeDKOmsOt-DnQe5tg,https://drive.google.com/thumbnail?id=18VjH6Ehppa3WiioHZOIj383xqbRGfhN6
@chinatty_gal,龍華ちなり,http://www.youtube.com/channel/UCZ_thXIfckhYA1NSz-ABt9g,https://drive.google.com/thumbnail?id=1oLPxQhNUtYH8RN9rFGZjYXVUUYCmJOU_
@Charlotte_Smmr,島村シャルロット,http://www.youtube.com/channel/UCYTz3uIgwVY3ZU-IQJS8r3A,https://drive.google.com/thumbnail?id=1hD7UKh2VK0xDRuag9nZaI-ZydZlJuwGN
@Kuku_Kazami,風見くく,http://www.youtube.com/channel/UCXp7sNC0F_qkjickvlYkg-Q,https://drive.google.com/thumbnail?id=1wx2uudL_HYwaFK_zqnPM10-i0nMi8dZu
@Manuka_Honey630,羽仁まぬか,http://www.youtube.com/channel/UCXbJL4EWHe0y5fQL7ZEQxBA,https://drive.google.com/thumbnail?id=1yRQhZRQ2oz7axHNhBhm7TqWWevvy8V40
@amaimipu,甘苺みぷ,http://www.youtube.com/channel/UCW_CGcZLm8G8zVQMHsU5jyA,https://drive.google.com/thumbnail?id=1K6h8z_b0Oe3tafLUiv5DsZWaAm-_TAbB
@Izumi_Yunohara,柚原いづみ,http://www.youtube.com/channel/UCW8WKciBixmaqaGqrlTITRQ,https://drive.google.com/thumbnail?id=12Pcjj98vHPBG75l3qjZUQOCqErbFRM7l
@Amaui_,天羽衣,http://www.youtube.com/channel/UCW98GVLrx8lG_ddOts3cl4g,https://drive.google.com/thumbnail?id=1JdSOlKpAhCKST-7DUE5RMjEbbSeVYhYa
@Ayamo_nono,彩雲のの,http://www.youtube.com/channel/UCVKWgVm8BSlMkGZIDGaoElw,https://drive.google.com/thumbnail?id=1s6I9hBwz98Rrf1UU3lML9e74zKuIJCYa
@Rose_Sumeragi,皇ロゼ,http://www.youtube.com/channel/UCVbRXkQP-LumaBzfw-wsrrg,https://drive.google.com/thumbnail?id=1-Ram5exDo5lvj8SBmY-Cp4GsEOeLOeAx
@Mixst_Lian,小鈴りあん,http://www.youtube.com/channel/UCVAyRbZsu5lrv2_xvgliB2Q,https://drive.google.com/thumbnail?id=1fPkDz6YZLPE5aofiPhlKIJgNQhp12zMf
@fuwari_coisqa,明鏡止水ふわり,http://www.youtube.com/channel/UCV1is8yPGubl7J7vG7K45Hg,https://drive.google.com/thumbnail?id=1LX0yjUqFZX_yk4ngW56KxgDgF7YOKF4s
@Shiki_Mikotoba,水琴葉しき,http://www.youtube.com/channel/UCUl2dZ9XPGxna09NJhrPrzg,https://drive.google.com/thumbnail?id=1aDN0H5-KC379PJNmAzvcmYmHF5jA1Hps
@nyamafujianzu,若魔藤あんず,http://www.youtube.com/channel/UCU8dA_oneCC6YnJ18HOQalA,https://drive.google.com/thumbnail?id=1nHP5U5KW-128EWLew5VR638yUXjNtN_i
@Shino_Kasukane_,幽音しの,http://www.youtube.com/channel/UCTbEua7o1f8I7EMBQlLjTpQ,https://drive.google.com/thumbnail?id=1wlHK72paOBgCAWq665Z25ITAl9Ap2H5p
@Unifee_sanachi,猿飛佐奈,http://www.youtube.com/channel/UCTFTcxyjts8l_6yK3MlYtWQ,https://drive.google.com/thumbnail?id=1ozdj3WVewNK6cloFgt6btayXULxVAGWu
@tukimi_marumoti,丸餅つきみ,http://www.youtube.com/channel/UCTEZGNJDqv-isWSPRsEhnRA,https://drive.google.com/thumbnail?id=1Jo81_nXwAGRRPS3USTjU_rxtFzT1_0id
@aobamion,蒼羽未音,http://www.youtube.com/channel/UCT16mw3e7Lm8DZzjnRfealg,https://drive.google.com/thumbnail?id=1erv-lgzsJ2pIcw91nijpuxlq0FDHoptg
@konohanyasakuya,木乃華サクヤ,http://www.youtube.com/channel/UCSWkUurjlKM39CnS1hnfE_Q,https://drive.google.com/thumbnail?id=1GJYIuggs-SVolkK6VAkqWlcDm71GrIPl
@hoshiimikuri,星衣未空莉,http://www.youtube.com/channel/UCSVZ0dOBynRS9mI1S7HoJhQ,https://drive.google.com/thumbnail?id=1jZNHhdwKH_mTIuJFx8dKeq_llXbCd35u
@hawako_meiwaku,泡喰はわこ,http://www.youtube.com/channel/UCQjIXLk6lridUCQIBHaLMDw,https://drive.google.com/thumbnail?id=1yb5Xsds-9kzrAqq0TjmM7Dg8Q4F6H4Mk
@magomo_magomori,孫守まごも,http://www.youtube.com/channel/UCR2Sp9fMxurwtmXQneAMTVg,https://drive.google.com/thumbnail?id=1Si1awyG6-FmTi18_gkhMplgP1j5RVzCr
@YoguMuzirushi,無印ヨグ,http://www.youtube.com/channel/UCQNMB-SFBVvyXEklADu_Ohg,https://drive.google.com/thumbnail?id=1iIRz3vTnaylAdd4-c8ve5yG_nS3E6-ow
@yachihonoka,陽茅ほのか,http://www.youtube.com/channel/UCQJoP9OHhKqUHiIDCMp412w,https://drive.google.com/thumbnail?id=1wUdPt6p7sbWsxSUz1Ho_YSG8sn_2NOQF
@remuanon,綺音れむ,http://www.youtube.com/channel/UCPqswBEjZm3FdvOzPyDw9wg,https://drive.google.com/thumbnail?id=1vtEcdMGkYIw4qfUetBcQJvD9l7FvWle9
@TsuduraHanone,甘楽はのね,http://www.youtube.com/channel/UCOkBk3hTouV6qbUnJ76EHrA,https://drive.google.com/thumbnail?id=1NfCX2HKo2D5NIk6q-nTDYgoRDIgMHObr
@shia_morinyan,二藍しぃあ,http://www.youtube.com/channel/UCNwjdfFJVqQ9-qi1lwn4olw,https://drive.google.com/thumbnail?id=1RcluSf1Yrur93LNCNfV6fKCoLCE8IaIF
@rei_sukoboshi,好狐星レイ,http://www.youtube.com/channel/UCNxKbKlIa1BTCq05pp384Mg,https://drive.google.com/thumbnail?id=1vKHFIfbCyZLcT7nEHLAYZbH3GCa4JPE0
@shiratamautano,白玖ウタノ,http://www.youtube.com/channel/UCNskpCCH661BeRJkN8n8d-A,https://drive.google.com/thumbnail?id=1PGBbOZbqhhrB3q586Fe8zXWe6KFuwFol
@TomaRindesu,燈舞りん,http://www.youtube.com/channel/UCNex1zlO3-TIHgqeSGVFOsw,https://drive.google.com/thumbnail?id=1Jz-G9ujzMLA61h6gsceIjwXTlcoDpt8U
@kok_oxo,兎羽理ここ,http://www.youtube.com/channel/UCMyCoe4-f73QGFClIj1nong,https://drive.google.com/thumbnail?id=1GmHzL7_kWjOoJkA0u_Nf-6iUY_A_F536
@Chiyuru_nyaaaa,三日月ちゆる,http://www.youtube.com/channel/UCNN0n29dfU-F3DQ4YvEenuQ,https://drive.google.com/thumbnail?id=1rbyPWpaUFveBcN0CdOSgEZqdWSgmBdNb
@amemochinina,飴望にぃな,http://www.youtube.com/channel/UCLS28fzx6TqoccWmjzrG2YA,https://drive.google.com/thumbnail?id=1gUVK2CmnJkTM2vitp0lsft0p3RRZsSro
@Ena_Himari,陽葵えな,http://www.youtube.com/channel/UCMgLZCbs5CuihXLTaLWY22g,https://drive.google.com/thumbnail?id=1aNXyWVLtwr33KaXnTjJ9atoeQHO9vOi7
@Unifee_sanada,真田幸葉,http://www.youtube.com/channel/UCLkA6-UuPwcQi1VI4YLSiUA,https://drive.google.com/thumbnail?id=1KVZ3xFAlmL54Dt2-K9EM0U4HTxHdVzLz
@Ririri_Uruwashi,羽流鷲りりり,http://www.youtube.com/channel/UCLK0cRXu3PY7cPbdWiVYemA,https://drive.google.com/thumbnail?id=1t8uj6fe5cGV_voUvIt4LwjgxNybasg5a
@lumi_yukime,雪芽るみ,http://www.youtube.com/channel/UCK_lMxHpJFGCGz3gXJgaoQw,https://drive.google.com/thumbnail?id=1MaXie7bRUhxZF-8HGb3Ai6WVGBFQkZvH
@Unifee_tsukasa,伊達つかさ,http://www.youtube.com/channel/UCKVQ9q8o_HPoMzf0bdUpgpw,https://drive.google.com/thumbnail?id=1Ze8hbBeVTvwFoijLLL-qlS9SG5sSBNOm
@AmeKoiro,恋彩あめ,http://www.youtube.com/channel/UCJzn2kSwamXbwVYN5rFTivQ,https://drive.google.com/thumbnail?id=1i-r-NBcOLCnFA3atFxPouaanjH-PKSYI
@maimiya_rinne,迷宮りんね,http://www.youtube.com/channel/UCJqLXAQjUVQ-FgIVR87BL4w,https://drive.google.com/thumbnail?id=1WA5cyt7yufQKk7K69XPJ7zBiFEjGKtF5
@miyako_koduki,上月みやこ,http://www.youtube.com/channel/UCJcylebvLS7B_e8bwpVweQw,https://drive.google.com/thumbnail?id=1WbQi4KKJVxXvi8t2jl7jILhTvgHQBS4w
@yamanashizuku,山奈しずく,http://www.youtube.com/channel/UCJSglVBagnVoCD82MsBlmDA,https://drive.google.com/thumbnail?id=1ZBg-eing-JztJoZPSQ4YtdN4NdNZi9HB
@NanamineNina,七峰ニナ,http://www.youtube.com/channel/UCJMLq6i8piYf0AClqg8vsfA,https://drive.google.com/thumbnail?id=1ZpXNFAkSnlf9wEn1fo5BK30ny79r7sOD
@shigure_ruka,紫雨るか,http://www.youtube.com/channel/UCIYk01c-wq6Ex9sjsDBEl0g,https://drive.google.com/thumbnail?id=1GETLbjgO9l8-ce_Hy7wlXmpB9i63-XQU
@Urara_Ai_,あいうらら,http://www.youtube.com/channel/UCIPYZHEvSEEpEIQQBt--yNA,https://drive.google.com/thumbnail?id=1V0TcRoVea_kDt7FKBl9aq9Vkmsu4rZ7k
@nanamirona,七海ロナ,http://www.youtube.com/channel/UCIaZylf5L9MsCMOJX3BdTEg,https://drive.google.com/thumbnail?id=199UkIAOvb3SNxSmb0zn3tw0aD7ZkWk3j
@gununu_meiwaku,常勝無敗ぐぬぬ,http://www.youtube.com/channel/UCIOUnOw74BcQZzskbjK3f8w,https://drive.google.com/thumbnail?id=1mXnA2WWJdvMt7lTwDUbzcjsbkytLvUl6
@annyakumori,杏夜くもり,http://www.youtube.com/channel/UCHnbtVLZYGuKkGh6iFxxTpw,https://drive.google.com/thumbnail?id=1D5IcfvRfUuRmIB9kuQvvmdEvIadLuSV1
@minami_i_MGS,ミナミイズミ,http://www.youtube.com/channel/UCHefdkPE5A4EqGHgDhrVfzw,https://drive.google.com/thumbnail?id=1WSFclzpd3jUmiKCZj0-PE8T8YIaCSZQB
@tsuru_vlive,鶴来つゆ,http://www.youtube.com/channel/UCHYHuutJy8jzdcdz7x5k4JQ,https://drive.google.com/thumbnail?id=1IXB1GSeoFp9f9APhFZm4V8t7ZtrNo1o8
@utsutsu_sexy,虚囁,http://www.youtube.com/channel/UCHLgpJuosgsqERmt9hdjYZA,https://drive.google.com/thumbnail?id=1vuZNTrY79ZYwTdH_G1okWLt4tUzjz2AV
@OtonoseRaco,音ノ瀬らこ,http://www.youtube.com/channel/UCH-SLA_jpPhM2lzdZjZDxjQ,https://drive.google.com/thumbnail?id=1Uhsf_6t0Sqr0FyqeBmzxKEUmOgBZ5b8j
@Jill_Tigrush,ジル·ティーグルシュ,http://www.youtube.com/channel/UCGtIeQGWJLRZkaC8-H8LTkw,https://drive.google.com/thumbnail?id=18cU-_-3Pwh0VkFm-51eJcrqIY4J-7-z1
@Yuri_Kohakuu,瑚白ユリ,http://www.youtube.com/channel/UCGyywYAJd2O5Y7yUyr7qBRQ,https://drive.google.com/thumbnail?id=12M565S6xSDQBoOmXaE9BiORMiC5jaHdO
@fujimiyakotoha,藤宮コトハ,http://www.youtube.com/channel/UCGndc74kfWb_A-8hZBG534Q,https://drive.google.com/thumbnail?id=1Xi-cnRl4OGmCuQ6GjMld8Koq2jRiPEMc
@momose_nina,桃瀬にな,http://www.youtube.com/channel/UCGCNass-jSHshAHA4ufX3Ng,https://drive.google.com/thumbnail?id=1h5haa6P4eQDOWfS6-pSxExBOvh_1ldkA
@gojyo_mizuki,五穣みずき,http://www.youtube.com/channel/UCFz96c6bDIK9HhuD57_4akA,https://drive.google.com/thumbnail?id=1CLXqKWPPeRnV29lVlJjjZY_22AIT8Csh
@rieru_aogiri,我部りえる,http://www.youtube.com/channel/UCFvEuP2EDkvrgJpHI6-pyNw,https://drive.google.com/thumbnail?id=10-H551HOK4yPci-0HoyPP2FpRTHRTw3Z
@Hikari_Hira,飛良ひかり,http://www.youtube.com/channel/UCFsWaTQ7kT76jNNGeGIKNSA,https://drive.google.com/thumbnail?id=1Aaujg8jE4MRhfOGqXNPh_PBKZhBRawxA
@MukuroOwarino,終末むくろ,http://www.youtube.com/channel/UCFaGKEDWe9_jOmWMsyatxSw,https://drive.google.com/thumbnail?id=1rSalPZ4ghprTtGN8jtPFLwrjQtHioRzv
@neun09,NEUN,http://www.youtube.com/channel/UCFWD2vvDJqjimIzhjEvogNQ,https://drive.google.com/thumbnail?id=1dmB-AMTDXS5q_euAbq_gSK9OVhO2VEWg
@kamise_yowa,神瀬よわ,http://www.youtube.com/channel/UCFSXa6dHRKLbj9Vcn_h8Sjg,https://drive.google.com/thumbnail?id=15lhWp4x_VUhvrn946MzHLUogudfssmGl
@Ruri_shiduki,志月るり,http://www.youtube.com/channel/UCFR7mzKc21R-_qFDiiTZ_bQ,https://drive.google.com/thumbnail?id=1WJoXyJuJ6FkzWYmagWerR8QXXmbwc1Zb
@fused_kisaki,妃玖,http://www.youtube.com/channel/UCFBc8kuCtTwmtdsBcJoZ3qA,https://drive.google.com/thumbnail?id=10HFaeIp-Q4wwVGebuvNx9iNg2uUumqRB
@memento_v_MGS,メーメントヴァニタス,http://www.youtube.com/channel/UCE4W22kKQQVdrA2KTiyZ_cA,https://drive.google.com/thumbnail?id=1Gfhk5CYLDcXJa444bRR7QhWJtLeq9XIW
@Lisa_Makoh,魔光リサ,http://www.youtube.com/channel/UCDrG8pzkq_cCCLcN5wgrzNw,https://drive.google.com/thumbnail?id=1IVjqHawj7fIVKgDhK8hlDzdx6BVjhtem
@Mico_Sekishiro,堰代ミコ,http://www.youtube.com/channel/UCDh2bWI5EDu7PavqwICkVpA,https://drive.google.com/thumbnail?id=1bpX3fZDOXsEEOTWshOU33_YochXSFwMK
@nyamamugitart,若魔麦たると,http://www.youtube.com/channel/UCDbDNd7hniszuAFH9pM-3Wg,https://drive.google.com/thumbnail?id=1dv0He3rGWFCb9BoVe9hxgzJiZICnzXoa
@Kanau_Yumekawa,夢川かなう,http://www.youtube.com/channel/UCDQkIK-Md2XDbDWN4nKyzIQ,https://drive.google.com/thumbnail?id=1GMSZTRJLSfeX5nAceUcHYUx22QqtJr9D
@nyamakumofuwari,若魔雲ふわり,http://www.youtube.com/channel/UCDV5jA1Cgg53EdmsB8zYQpA,https://drive.google.com/thumbnail?id=1tO_fhgGIumisZVFEVDfghMeg3H4Un9ta
@unohananonochi,兎ノ花ののち,http://www.youtube.com/channel/UCDOiw6Z_yVE65XtgtcjJj5w,https://drive.google.com/thumbnail?id=1k9pZKX7OBoHyAtQ33xtkPbhCHtuLsezx
@AsagiRaika310,浅葱ライカ,http://www.youtube.com/channel/UCDNQpM5ZUP04IAlnglWlAJA,https://drive.google.com/thumbnail?id=1Wil5vb76J0PKTKVIBi9RtbwnXvR1WuzL
@Arisagame1,ありさ,http://www.youtube.com/channel/UCC_6-o2BmUBQY-qXGPXEFnw,https://drive.google.com/thumbnail?id=1NxYaH8BUfGt4IX3Lw_mJMWnrLs9NTwM1
@pipipi_pino_X,ぴぴぴ ぴの,http://www.youtube.com/channel/UCC7-0COkIxKGkjAKOM_W88A,https://drive.google.com/thumbnail?id=1HwY_DbLeXLva-ZPCrGEzpGDAUGQ3SSSI
@Mashu_Hinata,日向ましゅ,http://www.youtube.com/channel/UCBhfuPYgo5ALbn6WmTXwHwg,https://drive.google.com/thumbnail?id=10ZWoRWbEBnfqOgFml2Gks6KLGvEf-EIT
@renge_morinyan,数寄屋橋れんげ,http://www.youtube.com/channel/UCBxgYX7hJy6TZVvLXOEQrWw,https://drive.google.com/thumbnail?id=1Nrh9oSp_Y4r6JDB6tGXcxPZDyXpT7yqe
@UtagawaLetora,レトラ,http://www.youtube.com/channel/UCBpLt5oWnDnG1ni5f33gcEQ,https://drive.google.com/thumbnail?id=1e8jVcKzwl__hSD_NkUI4uJEsCne634Xu
@NyahorobaTobari,猫滅刃とばり,http://www.youtube.com/channel/UCBT_IGEhvrNIODBm3655PeQ,https://drive.google.com/thumbnail?id=14xDek96BtqbArOD0k0ODoe7PhY9imTN5
@yururu_coisqa,永久不滅ゆるる,http://www.youtube.com/channel/UCBT07kDimH3-HJ9zq1rFQKg,https://drive.google.com/thumbnail?id=135qD-r5sZXmI4GrHzTvGC5hEj2LIEV-S
@LeonaShishigami,獅子神レオナ,http://www.youtube.com/channel/UCB1s_IdO-r0nUkY2mXeti-A,https://drive.google.com/thumbnail?id=1qQPgl-_MO8WeoAmvvydHJKn_trGgVK6F
@HakurouLufu,白狼ルフ,http://www.youtube.com/channel/UCArkovlVySJ63bVMw6D6JTA,https://drive.google.com/thumbnail?id=19H2HhnhmSkgl-SYGzyWdD8YB0VP-WjBI
@minase_nagi7,水瀬 凪,http://www.youtube.com/channel/UCAplyWK80Y6_YTkb3CCDk1Q,https://drive.google.com/thumbnail?id=17AukOJ0SVTKmneKC2ggAbTsim91gQ25V
@SakuyaKonoka,木花サクヤ,http://www.youtube.com/channel/UCAgYPad1QNRcTIzZEZPrKpQ,https://drive.google.com/thumbnail?id=1MLO8dwx6ZG7LfqwuiPuNa3cnwMB5PCdr
@Mixst_Shichi,渚沢シチ,http://www.youtube.com/channel/UCAoKkBp0Qj0xW0NEOp7G4hw,https://drive.google.com/thumbnail?id=19va0kNMzfRg-Ym_romj085vXESFsc2Cv
@yuu_rumu,鮪夢るむね,http://www.youtube.com/channel/UCAa8xqQRfTU-lNApgSFxx8g,https://drive.google.com/thumbnail?id=1GF4tqWHK_EWwDWZ0N1jiWOFKhjB5GJ-W
@sumoa_meiwaku,甘葛すもあ,http://www.youtube.com/channel/UCAflRAT6B_7nvxAK72ztN3A,https://drive.google.com/thumbnail?id=1zxkoPGYnlr5lHDIrhwUU6FBLEfD5khcE
@Sora__Otoha,音羽奏來,http://www.youtube.com/channel/UC9XsF9M7lZ1BSABHjKatOSA,https://drive.google.com/thumbnail?id=1x5GcTI0LyyYDXuLcqABOT6tIdVndAmyn
@aisaka_siu,藍坂しう,http://www.youtube.com/channel/UC9Vq5c7FKEHLstvmSAsogXQ,https://drive.google.com/thumbnail?id=1v-EUKleEjYhyPm7ll-LnJx6U_Z8yunQD
@etra_ASI,エトラ,http://www.youtube.com/channel/UCAHXqn4nAd2j3LRu1Qyi_JA,https://drive.google.com/thumbnail?id=1JrgHDjEv1C1f9JM6qDND1F28U1gwDUoY
@KurageShirakasa,白傘くらげ,http://www.youtube.com/channel/UC8xRXK8HtF01hodIFA-p04A,https://drive.google.com/thumbnail?id=1vSkbtMDrSylI-mcxoNU4ngVA4AyRF0zY
@tochimiyaruriha,栃宮るりは,http://www.youtube.com/channel/UC8xsCroRQKmQt0rXKuYQQyw,https://drive.google.com/thumbnail?id=1kjkvKUwbVOPnPIovCH6_txp41ksiLFHb
@KaguraTomyoji,燈明寺かぐら,http://www.youtube.com/channel/UC8W8jZ1P9bhJFYLelr3EvIQ,https://drive.google.com/thumbnail?id=16vxUWmFCYJYyxjcmHqlT7Vq6sx1DmrUg
@wouca_rkm,wouca,http://www.youtube.com/channel/UC8TVZmQuOl0GNbpvThwwSdQ,https://drive.google.com/thumbnail?id=1X0eL8QYe_M5TJsuMkfgepIaQ4QOxR_Vf
@aokami_iroha,蒼神いろは,http://www.youtube.com/channel/UC8lI3VmDryG32Q5ISmmIPCw,https://drive.google.com/thumbnail?id=1ObX8p5r6vOn2RlKFKx8YX6Sh18xZouRf
@ViV_silvey_,ヴィヴ·シルヴィ,http://www.youtube.com/channel/UC8OvqHdB43m1ot3Z1I3rRWg,https://drive.google.com/thumbnail?id=1-fqQXMNQ4jKea_XgoW4jDKQ0V8lIpiE2
@hibasa_akari,火挟あかり,http://www.youtube.com/channel/UC84G6W4LIZVzKvEUUTR-2UQ,https://drive.google.com/thumbnail?id=1oZlgOfyfMvwS6CHa2F3EaOjDYhEBUa-1
@fused_dia,Diα,http://www.youtube.com/channel/UC80TduEq6Sp4n2DkiUH2eLQ,https://drive.google.com/thumbnail?id=1BavHCnfRsboKkL7CqxHXbcz_IL2C94D6
@ishikari_akari,石狩あかり,http://www.youtube.com/channel/UC7wZb5INldbGweowOhBIs8Q,https://drive.google.com/thumbnail?id=1O1vq1BL5rOSjGvVzrXxrWKLvVgpm7csx
@kazumi_rn,花澄れん,http://www.youtube.com/channel/UC814Jqku2mkEIDwTb6Jnz2w,https://drive.google.com/thumbnail?id=1u6Cnw2Z7aj8YoKVccxGazpRp1buw2jg9
@8HaChi_hacchi,HACHI,http://www.youtube.com/channel/UC7XCjKxBEct0uAukpQXNFPw,https://drive.google.com/thumbnail?id=12gEG8JNW9I71jNsDLLhvohmyPA-R2JBw
@Unifee_koyoi,風魔小宵,http://www.youtube.com/channel/UC7GlwpI06mf8wQflsW7frTw,https://drive.google.com/thumbnail?id=1xYFoAHKPFPBpEKy3sTsxfVztbCG_Zt90
@amanoharehokaru,天晴ほかる,http://www.youtube.com/channel/UC6bD0BolIyRtVCXL0SKn8Yw,https://drive.google.com/thumbnail?id=13QMRMUHkEFfwaNRboYQ0Zdn4B0gkKQou
@Koharu_yunokawa,癒乃川こはる,http://www.youtube.com/channel/UC70hnU0cBp81Z-ZSzlzWeew,https://drive.google.com/thumbnail?id=1GRPH0S7grAeLtvRSYXZjNjLWnBT-LpvZ
@Mixst_Rimu,星乃りむ,http://www.youtube.com/channel/UC6BCNzMKS01UZT90lrwA1bw,https://drive.google.com/thumbnail?id=1UgxIbfqkRspVgFWm1cLj5TDkglWo-2oN
@Sakuma_Lovey,朔魔ラヴィ,http://www.youtube.com/channel/UC6GKE9PDS2XvxRQO9nDikAQ,https://drive.google.com/thumbnail?id=1lha-HuWKRrGW_bOXfmz9shRB2j1BZuCb
@tsukushi_aria,月紫アリア,http://www.youtube.com/channel/UC5XQhzMH08PgWa4Zp02Gcsw,https://drive.google.com/thumbnail?id=1nLnZ8NHQfIjm-FM1s5eoCoIbPnc6uJ8w
@sori_mashiro,雪車町ましろ,http://www.youtube.com/channel/UC5canh7-1Ff_UfAi5CjOntw,https://drive.google.com/thumbnail?id=1BcV2DGxE9qHOVftHSTlIpofIuGsNUIZX
@HimemoriHotaru,姫守ほたる,http://www.youtube.com/channel/UC5k10NU6ES_BuV3KxD4MMXg,https://drive.google.com/thumbnail?id=1V-VwMvz_wDBdBKBPAhguozh95BNjvVnu
@azusa_honami,本阿弥あずさ,http://www.youtube.com/channel/UC5UPG3fV3zzuq-JLPw-XdWQ,https://drive.google.com/thumbnail?id=1qUKt77er8a8WA0vH7yDpsIxEJErpX_6u
@chitamu_omo,王猛ちたむ,http://www.youtube.com/channel/UC5KnT0tNsYVVh44lQj-S1JQ,https://drive.google.com/thumbnail?id=1TXGm4Fq565565v-L4Aht5f_eaH29zH4W
@_Kasumi_Hibiki,霞翠ひびき,http://www.youtube.com/channel/UC4nXxql27UWzf1QBGwnI75g,https://drive.google.com/thumbnail?id=10W6xMfJ_MU0dmxJRuC5W5ClLgqBCnBNx
@yurayura_usui,碓氷ゆら,http://www.youtube.com/channel/UC4g6i7aL2fn2EME3r9fEHxA,https://drive.google.com/thumbnail?id=1aWvGwAb_VJyjGldFpEqQUrcPDU4W9dR4
@Kyo_Hanabasami,花鋏キョウ,http://www.youtube.com/channel/UC4OeUf_KfYRrwksschtRYow,https://drive.google.com/thumbnail?id=14a8F5CxoBarDON6TJem74JuZebUMB9wp
@Mia_Konan,湖南みあ,http://www.youtube.com/channel/UC4PrHgUcAtOoj_LKmUL-uLQ,https://drive.google.com/thumbnail?id=14mF87sk46IgmqwsofX-VtNy7sDbNZUwR
@AnshininMisa,安心院みさ,http://www.youtube.com/channel/UC4OAmxLab5tVF094Sgry6hw,https://drive.google.com/thumbnail?id=1ga2-XqRKcG61BYOjNNEl3LvVupu2qywe
@Ren_Suzuri,鈴莉れん,http://www.youtube.com/channel/UC3QnUPDxkrqGW3W-x077djA,https://drive.google.com/thumbnail?id=1pihS49uZuTYaH5Rh0nxYbssFTIjBiP5z
@Uge_And,杏戸ゆげ,http://www.youtube.com/channel/UC3EhsuKdEkI99TWZwZgWutg,https://drive.google.com/thumbnail?id=1QBS2kJc-WbFcVUF1KyofVSyDtgnv3eRv
@nyamakageneon,若魔影ネオン,http://www.youtube.com/channel/UC2ixjT9UHeAvaXh1VWpZqDQ,https://drive.google.com/thumbnail?id=1nbFC88CUNxIIoNUOA05bGxp9tVJWEqws
@Ichika_Souya,宗谷いちか,http://www.youtube.com/channel/UC2kyQhzGOB-JPgcQX9OMgEw,https://drive.google.com/thumbnail?id=13Y0CtyW5FFXUbzs8E-JyU8sDfkqFVhwJ
@Rene_Ryugasaki,龍ヶ崎リン,http://www.youtube.com/channel/UC2hc-00y-MSR6eYA4eQ4tjQ,https://drive.google.com/thumbnail?id=12UVnLkMbrhmMw1Xk4mEAJe5Nf6XrZHDM
@sidenlime,紫電ライム,http://www.youtube.com/channel/UC2f11iZvrPBtA_S1LE2soeA,https://drive.google.com/thumbnail?id=1OzOxDpBjCfacOFA1zgf9-Wn90XToW3dS
@puwapuwa_popura,ぷわぷわぽぷら,http://www.youtube.com/channel/UC1sBUU-y9FlHNukwsrR4bmA,https://drive.google.com/thumbnail?id=1UqqQoIikDifrETAuxcHcvPD9G2VGr7P0
@meru_onino,鬼ノめる,http://www.youtube.com/channel/UC2BJwSA_iewqrMHX9rrO59g,https://drive.google.com/thumbnail?id=1t0z80UY94YjSvKyJc5yUdMg51mZejY65
@IwoShirazuna,不知名イヲ,http://www.youtube.com/channel/UC1yZAPWNLVtfCX43IQS0gTA,https://drive.google.com/thumbnail?id=1tkxwoPwXcbbYb5N3xlXvutj_cCVsTRkw
@chise_i_BW,伊月 知世,http://www.youtube.com/channel/UC1FnOvfv5G6EkFIdUmbGGPg,https://drive.google.com/thumbnail?id=1uNI6dNVdjH14fgOHjMZeryddgnGuzyJs
@Ruri_Enma,焔魔るり,http://www.youtube.com/channel/UC1nqXaKzG4hd1SRFVra16gw,https://drive.google.com/thumbnail?id=1ROZVEgxatnbHL-jSenumabOKcNC9MOiL
@Mixst_Iori,琴宮いおり,http://www.youtube.com/channel/UC1AqiQjSbkS_b--haYNkLrw,https://drive.google.com/thumbnail?id=1QB41IVZ7kaYtlx-C8i0VRyoU1Ez4jRJf
@Haneru_Inaba,因幡はねる,http://www.youtube.com/channel/UC0Owc36U9lOyi9Gx9Ic-4qg,https://drive.google.com/thumbnail?id=16w3aNXksnaOzD8WwrZvalu9gdzWrWsY-
@medazcd,MEDA,http://www.youtube.com/channel/UC0HX1e5jJnhN5Xn0epV2wzA,https://drive.google.com/thumbnail?id=1QL6t8O8ak_PorT0WLXC3kYXo95WRjd16
@amaminaru_uv,天湊なる,http://www.youtube.com/channel/UC0Lod2RRUlxiqLfXcfhfemA,https://drive.google.com/thumbnail?id=11sbwtacZhTi_LHEklh6DxjJir1FPThMG
@setono_toto1010,瀬戸乃とと,http://www.youtube.com/channel/UC-M0Poxo4VXMxdIzinqWOig,https://drive.google.com/thumbnail?id=1pCdlGjJaXJtz_yl7HOs9Xo9mXpAe-0Dh
@tamako_aogiri,音霊 魂子,http://www.youtube.com/channel/UCt7_srJeiw55kTcK7M9ID6g,https://drive.google.com/thumbnail?id=1psju5bhhFePQTU2SHKnuGFVU18s3h58l
@urutoragaru,うる虎がーる,http://www.youtube.com/channel/UCdi5pj0MDQ-3LFNUFIFmD8w,https://drive.google.com/thumbnail?id=19fNbQOgkO_zEUN1cdjnEIu7ILSLvD3dW
@kurikoma_komaru,栗駒こまる,http://www.youtube.com/channel/UCXXnWssOLdB2jg-4CznteAA,https://drive.google.com/thumbnail?id=1_RojGJjfjzkIE5GHDmxEmiYe8bFQeSe3
@harusame_urame,春雨麗女,http://www.youtube.com/channel/UCmiYJycZXBGc4s_zjIRUHhQ,https://drive.google.com/thumbnail?id=1tAJ-oxYbcynNWCDeve-DV90bSZMGjF_R
@SuzunaSubaru,鈴鳴すばる,http://www.youtube.com/channel/UC1CXNJGwnUUVawDeCwwOmFg,https://drive.google.com/thumbnail?id=14E53jenoqFFKZvoNg6p4z8saZ7LZEZkf
@AzatoAkama,赤魔アザト,http://www.youtube.com/channel/UCx8TAQNBAHvzqHw9obUlCAQ,https://drive.google.com/thumbnail?id=19PklvZi9QKU1Srf9-WaFsu36B-SAUfNt
@hino4kane,緋乃あかね,http://www.youtube.com/channel/UCaCtb_IV8QQDeDkVmvb4cAw,https://drive.google.com/thumbnail?id=187Qct4rDwWGRKMSqJMoHErvub4N5JjDZ
@Hao_RKM,羽緒,http://www.youtube.com/channel/UCjoGLVLapRciX38bwgDtttw,https://drive.google.com/thumbnail?id=1NJzn3Vo5XuNtrTrN54UlsawXg-ksmGdW
@Mikage_0916,深影,http://www.youtube.com/channel/UC2daHxnuJJBM5NWci1RRkeA,https://drive.google.com/thumbnail?id=149WnyeqfuYwkunC2NLTqKq_cp4rr-dZz
@tirol0_0lorit,月野木ちろる,http://www.youtube.com/channel/UCqskJ0nmw-_eweWfsKvbrzQ,https://drive.google.com/thumbnail?id=1UtG-BE4b63emIBl2t1rKNlq4JHvhBNZD
@nyama_perle,ニャマルベール·ペルル,http://www.youtube.com/channel/UCzXYQeroiCQoNRGOoqZ7yAw,https://drive.google.com/thumbnail?id=1dh8DdTMpCMHMo5cI9ru4f7LyiZTRb32f
@Iris_lucen_v,アイリス·ルセン,http://www.youtube.com/channel/UCxvhDD55L4OiabpPJKcoWeQ,https://drive.google.com/thumbnail?id=14DEME-0lOlfXiHn76F6dmPShLPUISTNa
@AEGIS_shichiten,七天八十院アエギス,http://www.youtube.com/channel/UCrtj7mTumU4Pg9sdzfGZm6Q,https://drive.google.com/thumbnail?id=125NfbURNeVARg6-wSttg5Rqa4GSV5G5K
@yamaguro_nekuro,山黒音玄,http://www.youtube.com/channel/UCs-lYkwb-NYKE9_ssTRDK3Q,https://drive.google.com/thumbnail?id=17FQ2crWM3vertWfVfgb4nxfN3Ckzz52e
@_nonono_nono,音ノ乃のの,http://www.youtube.com/channel/UCqe0-vqZwAvZUb22wCMu1fA,https://drive.google.com/thumbnail?id=1bOiL5ch6BuCuEpJ9sxfBeEAaL7FQfv4D
@satouanime1130,佐藤あにめ,http://www.youtube.com/channel/UCqJQfY9916fdpDrKFqdYy2g,https://drive.google.com/thumbnail?id=1rZmH2W-yQjOeKTokD6EBtqo3HB8qp2Qx
@Moemi_Yomeno,萌実,http://www.youtube.com/channel/UCIwHOJn_3QjBTwQ_gNj7WRA,https://drive.google.com/thumbnail?id=1tqSV6MSVf_ThFrKslcIwULLgHrDB330a
@minya_scott,ミーニャ·スコット,http://www.youtube.com/channel/UCm4QiJHdsgz9PshJkGMSk5w,https://drive.google.com/thumbnail?id=1XXMFDvUWXbyoGdpZfrzJZ478Pq3Q0i2n
@Valiana_s,ヴァリちゃん,http://www.youtube.com/channel/UCijLnnTWoGaX3S6kVyG2tjQ,https://drive.google.com/thumbnail?id=1zpDkd2caqgMJd5sETNl6E4ge9Q0b4DU5
@ebakyouka,江波キョウカ,http://www.youtube.com/channel/UChpkyQ3O21OnkcMcgCoNHCg,https://drive.google.com/thumbnail?id=1CSbv_zYTx7Hiz0q0_xnzcPYxiQRksB9R
@PlaneiHoshikuzu,星屑ぷらね,http://www.youtube.com/channel/UCez6PoUm-tuIzHLXiXDGKWg,https://drive.google.com/thumbnail?id=1MT2kfXE-r04vL7k6soMxglHgrkFisw2_
@wanuta_,わぬ太,http://www.youtube.com/channel/UCdvR-dTr1RdOzh3MksxRvcw,https://drive.google.com/thumbnail?id=1XyY4cqiUS0YSIAFPPvqyy6OKXtCY8VY4
@Xiren_Satellite,サイレン＝サテライト,http://www.youtube.com/channel/UCd8EOnOV_NlK3HvbZZBfTZQ,https://drive.google.com/thumbnail?id=1fur9oYB6sFuKTCneqZcNT2eEN1xB200j
@yasosina_mujina,八十科むじな,http://www.youtube.com/channel/UCXXlhNCp1EPbDQ2pzmmy9aw,https://drive.google.com/thumbnail?id=1r6PQgEIwSLI3lW7lW_ezfwW-eQupvs7Y
@KamizuruCosmo,上水流宇宙,http://www.youtube.com/channel/UCU8VGKDhiSHLerg4wYXjhtw,https://drive.google.com/thumbnail?id=15_yPV1CDPftBduUEJdZK937H6kwOBJss
@nyama_lutz,ニャマシュヴァ·ルッツ,http://www.youtube.com/channel/UCTEoGGp5G9AFbNOb3nmrY3w,https://drive.google.com/thumbnail?id=1CU_deDooJ_hpjqOyJQG0Nka5KCgIG-8R
@_laylasama,レイラ·サマ,http://www.youtube.com/channel/UCSw8TAyNIuPZc6gZqRKnO6A,https://drive.google.com/thumbnail?id=1klvIqGcHiC6Fu5UV5LdUJaoQnfuhM1tc
@akeshiro_suzaku,朱城スザク,http://www.youtube.com/channel/UCRdiTSfTz2OQTNi3S-qJUsw,https://drive.google.com/thumbnail?id=1jmoVppsHZwlNOYzNBRKh_7mqals0MD4X
@Yume_Mihoshi,美星ゆめ,http://www.youtube.com/channel/UCK0OzXxJVvMjBnr9NeV1t1A,https://drive.google.com/thumbnail?id=1P8KBFX30WHr-D0daENRk1PN-62D73PFj
@A_S_Syndrome,アビス·ソング·シンドローム,http://www.youtube.com/channel/UC7qN-AkrKqVu7uRvugXKirw,https://drive.google.com/thumbnail?id=1_7qltCX_gTi9PS_9rM51dbf4wLEJLP3_
@AkubiU_Uzz,あくび·でもんすぺーど,http://www.youtube.com/channel/UC5SSy3julTJHzmExQJjLUkw,https://drive.google.com/thumbnail?id=19_GB129Otpz3KWUEgXf9LbaC92fJR9hv
@myu_heartno,羽愛兎みゅう,http://www.youtube.com/channel/UC2Fq5PKMRbTSo3hqhu8u1yw,https://drive.google.com/thumbnail?id=1Ejid4Wx3iCs3oIzHloPUO0N0HOcC8AaB
@reonecrazy,リオネ·クレイジーゼリー,http://www.youtube.com/channel/UC-bPnI0w5B5Enh74zvs3uyg,https://drive.google.com/thumbnail?id=1dL39-N6RXYAVK4Uo2KfH3p1UCNkNc5Dk
@kmnzlita,KMNZ LITA,http://www.youtube.com/channel/UCwuS0uY-Z2Gr_5OV2oFybFA,https://drive.google.com/thumbnail?id=1khiIaEiN9sHCPhs1DiQhvQ2pEq19jlh-
@kmnztina_,KMNZ TINA,http://www.youtube.com/channel/UCwuS0uY-Z2Gr_5OV3oFybFA,https://drive.google.com/thumbnail?id=1sRnJrZwryLtuOMvAL6MSvhcdJ2wY8eOj
@kmnznero_,KMNZ NERO,http://www.youtube.com/channel/UCwuS0uY-Z2Gr_5OV4oFybFA,https://drive.google.com/thumbnail?id=1fg8dMEKUqoUyIcIrn4JHyy-CUqTh5yqA
@vesper_kasuka,カスカ,http://www.youtube.com/channel/UCPd0Z22gF43dUidPYEQO5-w,https://drive.google.com/thumbnail?id=1UmpIsUO8R0xhxqfQF7QCtlsBazfBmPNC
@vesper_yomi,ヨミ,http://www.youtube.com/channel/UCPd0Z22gF43dUidPYEQO6-w,https://drive.google.com/thumbnail?id=1zowQpANwbS2wN8Pn8ZaLCAdBCGhe_qJv
@hth_bambi,HTH BAMBI,http://www.youtube.com/channel/UCQXuGcIoseWY5HmW6-U7teg,https://drive.google.com/thumbnail?id=1JpFpx4p5y-i9P5ejigrkxG2VTZBOAQlm
@hth_moco,HTH MOCO,http://www.youtube.com/channel/UCQXuGcIoseWY5HmW6-U8teg,https://drive.google.com/thumbnail?id=1r7UAY4h-BJ00JQc6R6QUq6gUom1dChoR
@Zakuro_kuoN,石榴くおん,http://www.youtube.com/channel/UCrE5rIe6xoX0yxbu57xFhig,https://drive.google.com/thumbnail?id=1cHY1D0tnc0JP0K2LNpUHnew5b2B9fu_V
@rindoumiryu,竜瞳ミリュー,http://www.youtube.com/channel/UCJmDBePNXeLgzP9gcrdXjWA,https://drive.google.com/thumbnail?id=1EEbZU-00X12F2fpH7Dg37ioEshcIqaBn
@utakata_himei,泡形ヒメイ,http://www.youtube.com/channel/UCmEhv882zuW6i2Rdb24F91A,https://drive.google.com/thumbnail?id=17qtSEmd8V8O5-Kpg43Clst0ZeG8ZoD_B
@akatsukiclara,暁月クララ,http://www.youtube.com/channel/UCn4XvlTXjGSvDynpxpOYZPQ,https://drive.google.com/thumbnail?id=1OzmSrVbYEhkBoZr6gIroWK2TEznJZi7u
@niko_brdc,アカシ·ニコ,http://www.youtube.com/channel/UCV5jFxqHWDppyzznOBJbvVg,https://drive.google.com/thumbnail?id=1omcNe1ltbmO0MK74EFpnbKzakymtph0N
